{"accuracy": 0.9998267404463599, "precision": 0.9789473684210527, "recall": 0.9622641509433962, "f1_score": 0.9705340699815838}